State,District,Date,Volumetric Soil Moisture (in %),wkt_geom,ndvi_value,Area,Risk Factor_x,slope_value,Risk Factor_y,Classes,Area Sq. Km,ANNUAL_x,ANNUAL_y,Risk Factor_z,Landslide Probability,Landslide Occurrence,Landslide Severity,Predicted Severity
Kerala,Wayanad,2018-07,28.79,Point (76.00003323507125685 11.60996147925331279),2583.666667,Meppadi,0,835.0,0.5836666669999999,Built up,15.171968,3275.1,2841.2,0.2879,0.2614700000999999,YES,0,low
Kerala,Wayanad,2018-08,29.79,Point (76.00003323507125685 11.60996147925331279),2414.888889,Meppadi,0,836.0,0.4148888889999998,Kharif crop,14.601216,3354.3,3319.1,0.2979,0.2138366666999999,YES,0,low
Kerala,Wayanad,2018-09,24.82,Point (76.00003323507125685 11.60996147925331279),2291.769231,Meppadi,0,836.0,0.2917692310000002,Rabi crop,15.902656,2956.7,3029.9,0.2482,0.1619907693,YES,0,low
Kerala,Wayanad,2018-10,29.08,Point (76.00003323507125685 11.60996147925331279),2133.846154,Meppadi,0,837.0,0.1338461539999998,Zaid crop,14.9,2609.4,2930.5,0.2908,0.1273938461999999,NO,0,low
Kerala,Wayanad,2018-11,24.74,Point (76.00003323507125685 11.60996147925331279),2189.111111,Meppadi,0,838.0,0.1891111110000001,Double / Triple Crop,15.25,2683.2,3384.1,0.2473999999999999,0.1309533333,NO,0,low
Kerala,Wayanad,2018-12,23.71,Point (76.00003323507125685 11.60996147925331279),2131.75,Meppadi,0,836.0,0.13175,Current fallow,15.4,1214.0,2835.1,0.2371,0.110655,NO,0,low
Kerala,Wayanad,2019-01,20.26,Point (76.00003323507125685 11.60996147925331279),2067.545455,Meppadi,0,834.0,0.0675454549999999,Plantation,14.75,1396.3,2290.0,0.2026,0.0810436364999999,NO,0,low
Kerala,Wayanad,2019-02,16.16,Point (76.00003323507125685 11.60996147925331279),2062.5,Meppadi,0,834.0,0.0625,Evergreen forest,15.0,1071.6,2491.7,0.1616,0.06723,NO,0,low
Kerala,Wayanad,2019-03,16.05,Point (76.00003323507125685 11.60996147925331279),2062.5,Meppadi,0,834.0,0.0625,Deciduous forest,14.3,849.4,3063.1,0.1605,0.0669,NO,0,low
Kerala,Wayanad,2019-04,20.98,Point (76.00003323507125685 11.60996147925331279),2118.0,Meppadi,0,836.0,0.118,Degraded / Scrub Forest,15.6,752.6,1803.2,0.2098,0.0983399999999999,NO,0,low
Kerala,Wayanad,2019-05,24.78,Point (76.00003323507125685 11.60996147925331279),2257.133333,Meppadi,0,838.0,0.2571333330000002,Littoral swamp,14.55,724.9,3302.5,0.2478,0.1514799999,YES,0,low
Kerala,Wayanad,2019-06,27.05,Point (76.00003323507125685 11.60996147925331279),2095.8,Meppadi,0,843.0,0.0958000000000001,Grassland,15.35,1171.4,3621.6,0.2705,0.10989,NO,0,low
Kerala,Wayanad,2019-07,26.93,Point (76.00003323507125685 11.60996147925331279),2099.571429,Meppadi,0,846.0,0.099571429,Shifting cultivation,14.85,333.4,2958.4,0.2693,0.1106614287,NO,0,low
Kerala,Wayanad,2019-08,30.29,Point (76.00003323507125685 11.60996147925331279),2286.0,Meppadi,0,848.0,0.286,Wasteland,15.5,499.5,3253.1,0.3029,0.17667,YES,0,low
Kerala,Wayanad,2019-09,30.11,Point (76.00003323507125685 11.60996147925331279),2452.285714,Meppadi,0,853.0,0.4522857140000001,Rann,14.45,1238.5,2841.2,0.3011,0.2260157142,YES,0,low
Kerala,Wayanad,2019-10,30.07,Point (76.00003323507125685 11.60996147925331279),2484.142857,Meppadi,0,858.0,0.4841428569999998,Waterbodies max,15.2,943.3,3319.1,0.3007,0.2354528570999999,YES,0,low
Kerala,Wayanad,2019-11,28.21,Point (76.00003323507125685 11.60996147925331279),2354.615385,Meppadi,0,863.0,0.354615385,Waterbodies min,14.2,179.9,3029.9,0.2821,0.1910146155,YES,0,low
Kerala,Wayanad,2019-12,25.16,Point (76.00003323507125685 11.60996147925331279),2448.0,Meppadi,0,864.0,0.448,Snow cover,15.65,365.6,2930.5,0.2516,0.2098799999999999,YES,0,low
Kerala,Wayanad,2020-01,18.07,Point (76.00003323507125685 11.60996147925331279),2601.125,Meppadi,0,862.0,0.601125,Mining,14.8,649.7,3384.1,0.1807,0.2345475,YES,0,low
Kerala,Wayanad,2020-02,15.61,Point (76.00003323507125685 11.60996147925331279),2515.166667,chooralmala,0,859.0,0.5151666669999999,Evergreen/Semi evergreen,15.171968,1175.4,2835.1,0.1561,0.2013800000999999,YES,0,low
Kerala,Wayanad,2020-03,15.51,Point (76.00003323507125685 11.60996147925331279),2483.75,chooralmala,0,859.0,0.48375,Forest Plantation,14.601216,481.1,2290.0,0.1551,0.191655,YES,0,low
Kerala,Wayanad,2020-04,23.92,Point (76.00003323507125685 11.60996147925331279),2450.125,chooralmala,0,857.0,0.450125,Kharif crop,15.902656,292.9,2491.7,0.2392,0.2067975,YES,0,low
Kerala,Wayanad,2020-05,26.77,Point (76.00003323507125685 11.60996147925331279),2475.0,chooralmala,0,852.0,0.475,Rabi crop,14.8,2808.3,3063.1,0.2677,0.2228099999999999,YES,0,low
Kerala,Wayanad,2020-06,29.29,Point (76.00003323507125685 11.60996147925331279),2477.4,chooralmala,0,848.0,0.4774000000000001,Zaid crop,15.0,796.7,1803.2,0.2929,0.23109,YES,0,low
Kerala,Wayanad,2020-07,30.72,Point (76.00003323507125685 11.60996147925331279),2418.428571,chooralmala,0,845.0,0.4184285709999999,Double / Triple Crop,14.65,731.4,3302.5,0.3072,0.2176885712999999,YES,0,low
Kerala,Wayanad,2020-08,29.47,Point (76.00003323507125685 11.60996147925331279),2258.2,chooralmala,0,843.0,0.2581999999999998,Current fallow,15.3,1082.2,3621.6,0.2946999999999999,0.1658699999999999,YES,0,low
Kerala,Wayanad,2020-09,30.32,Point (76.00003323507125685 11.60996147925331279),2319.75,chooralmala,0,841.0,0.31975,Plantation,14.4,1399.9,2958.4,0.3032,0.186885,YES,0,low
Kerala,Wayanad,2020-10,24.61,Point (76.00003323507125685 11.60996147925331279),2226.4,chooralmala,0,841.0,0.2264000000000001,Evergreen forest,15.4,875.7,3253.1,0.2460999999999999,0.14175,NO,0,low
Kerala,Wayanad,2020-11,24.32,Point (76.00003323507125685 11.60996147925331279),2386.142857,chooralmala,0,840.0,0.3861428569999998,Deciduous forest,14.75,836.5,2841.2,0.2432,0.1888028570999999,YES,0,low
Kerala,Wayanad,2020-12,21.9,Point (76.00003323507125685 11.60996147925331279),2418.75,chooralmala,0,841.0,0.41875,Degraded / Scrub Forest,15.2,506.0,3319.1,0.2189999999999999,0.1913249999999999,YES,0,low
Kerala,Wayanad,2021-01,23.17,Point (76.00003323507125685 11.60996147925331279),2386.545455,chooralmala,0,843.0,0.3865454549999999,Littoral swamp,14.9,855.0,3029.9,0.2317,0.1854736364999999,YES,0,low
Kerala,Wayanad,2021-02,18.31,Point (76.00003323507125685 11.60996147925331279),2512.363636,chooralmala,0,848.0,0.512363636,Grassland,15.1,3124.3,2930.5,0.1830999999999999,0.2086390907999999,YES,0,low
Kerala,Wayanad,2021-03,20.04,Point (76.00003323507125685 11.60996147925331279),2535.777778,chooralmala,0,852.0,0.5357777780000001,Shifting cultivation,14.6,708.4,3384.1,0.2004,0.2208533334,YES,0,low
Kerala,Wayanad,2021-04,23.48,Point (76.00003323507125685 11.60996147925331279),2703.916667,chooralmala,0,856.0,0.703916667,Wasteland,15.35,925.9,2835.1,0.2348,0.2816150000999999,YES,0,low
Kerala,Wayanad,2021-05,26.31,Point (76.00003323507125685 11.60996147925331279),2613.666667,chooralmala,0,858.0,0.6136666669999999,Rann,14.5,2705.6,2290.0,0.2631,0.2630300001,YES,0,low
Kerala,Wayanad,2021-06,26.97,Point (76.00003323507125685 11.60996147925331279),2413.785714,chooralmala,0,859.0,0.4137857140000001,Waterbodies max,15.5,1715.3,2491.7,0.2697,0.2050457142,YES,0,low
Kerala,Wayanad,2021-07,28.82,Point (76.00003323507125685 11.60996147925331279),2418.777778,chooralmala,0,859.0,0.4187777780000001,Waterbodies min,14.3,3079.9,3063.1,0.2882,0.2120933334,YES,0,low
Kerala,Wayanad,2021-08,28.72,Point (76.00003323507125685 11.60996147925331279),2546.666667,chooralmala,0,861.0,0.546666667,Snow cover,15.6,2396.1,1803.2,0.2872,0.2501600001,YES,0,low
Kerala,Wayanad,2021-09,27.01,Point (76.00003323507125685 11.60996147925331279),2643.666667,chooralmala,0,863.0,0.643666667,Mining,14.2,3114.0,3302.5,0.2701,0.2741300001,YES,0,low
Kerala,Wayanad,2021-10,29.34,Point (76.00003323507125685 11.60996147925331279),2444.444444,chooralmala,0,864.0,0.4444444440000002,Evergreen/Semi evergreen,15.0,2810.9,3621.6,0.2934,0.2213533332,YES,0,low
Kerala,Wayanad,2021-12,21.85,Point (76.00003323507125685 11.60996147925331279),2441.111111,chooralmala,0,863.0,0.4411111110000001,Forest Plantation,14.9,3270.9,2958.4,0.2185,0.1978833333,YES,0,low
Kerala,Wayanad,2022-01,17.16,Point (76.00003323507125685 11.60996147925331279),2668.555556,mundakkai,0,860.0,0.6685555559999998,Kharif crop,15.7,1395.7,3253.1,0.1716,0.2520466667999999,YES,0,low
Kerala,Wayanad,2022-02,15.63,Point (76.00003323507125685 11.60996147925331279),2548.6,mundakkai,0,859.0,0.5485999999999999,Rabi crop,14.8,1516.9,2841.2,0.1563,0.2114699999999999,YES,0,low
Kerala,Wayanad,2022-03,18.31,Point (76.00003323507125685 11.60996147925331279),2255.666667,mundakkai,0,860.0,0.2556666669999999,Zaid crop,14.1,1387.3,3319.1,0.1830999999999999,0.1316300000999999,NO,0,low
Kerala,Wayanad,2022-04,25.34,Point (76.00003323507125685 11.60996147925331279),2188.777778,mundakkai,0,859.0,0.1887777780000001,Double / Triple Crop,14.25,1206.5,3029.9,0.2534,0.1326533334,NO,0,low
Kerala,Wayanad,2022-05,26.79,Point (76.00003323507125685 11.60996147925331279),2288.375,mundakkai,0,861.0,0.288375,Current fallow,14.4,936.0,2930.5,0.2678999999999999,0.1668825,YES,0,low
Kerala,Wayanad,2022-06,26.19,Point (76.00003323507125685 11.60996147925331279),2384.8,mundakkai,0,863.0,0.3848000000000002,Plantation,14.5,875.3,3384.1,0.2619,0.19401,YES,0,low
Kerala,Wayanad,2022-07,29.32,Point (76.00003323507125685 11.60996147925331279),2416.2,mundakkai,0,864.0,0.4161999999999998,Evergreen forest,14.3,1474.6,2835.1,0.2932,0.2128199999999999,YES,0,low
Kerala,Wayanad,2022-08,29.37,Point (76.00003323507125685 11.60996147925331279),2379.75,mundakkai,0,863.0,0.37975,Deciduous forest,14.6,541.4,2290.0,0.2937,0.202035,YES,0,low
Kerala,Wayanad,2022-09,26.45,Point (76.00003323507125685 11.60996147925331279),2580.461538,mundakkai,0,862.0,0.580461538,Degraded / Scrub Forest,14.4,566.0,2491.7,0.2645,0.2534884614,YES,0,low
Kerala,Wayanad,2022-10,25.91,Point (76.00003323507125685 11.60996147925331279),2671.809524,mundakkai,0,861.0,0.6718095239999998,Littoral swamp,14.2,1263.6,3063.1,0.2591,0.2792728571999999,YES,0,low
Kerala,Wayanad,2022-11,22.89,Point (76.00003323507125685 11.60996147925331279),2609.538462,mundakkai,0,863.0,0.609538462,Grassland,14.5,1066.6,1803.2,0.2289,0.2515315386,YES,0,low
Kerala,Wayanad,2022-12,22.7,Point (76.00003323507125685 11.60996147925331279),2191.888889,mundakkai,0,865.0,0.1918888889999998,Shifting cultivation,14.35,267.2,3302.5,0.2269999999999999,0.1256666666999999,NO,0,low
Kerala,Wayanad,2023-01,18.52,Point (76.00003323507125685 11.60996147925331279),2290.909091,mundakkai,0,865.0,0.290909091,Wasteland,14.6,701.7,3621.6,0.1852,0.1428327273,NO,0,low
Kerala,Wayanad,2023-02,16.6,Point (76.00003323507125685 11.60996147925331279),2860.666667,mundakkai,0,865.0,0.8606666669999999,Rann,14.75,829.3,2958.4,0.166,0.3080000001,YES,1,medium
Kerala,Wayanad,2023-03,17.67,Point (76.00003323507125685 11.60996147925331279),2986.428571,mundakkai,0,865.0,0.986428571,Waterbodies max,14.8,1155.4,3253.1,0.1767,0.3489385712999999,YES,1,medium
Kerala,Wayanad,2023-04,20.61,Point (76.00003323507125685 11.60996147925331279),2826.142857,mundakkai,0,865.0,0.8261428569999998,Waterbodies min,14.2,770.9,2841.2,0.2061,0.3096728570999999,YES,1,medium
Kerala,Wayanad,2023-05,25.13,Point (76.00003323507125685 11.60996147925331279),2826.142857,mundakkai,0,864.0,0.8261428569999998,Snow cover,14.1,412.5,3319.1,0.2512999999999999,0.3232328570999999,YES,1,medium
Kerala,Wayanad,2023-06,25.03,Point (76.00003323507125685 11.60996147925331279),2756.333333,mundakkai,0,863.0,0.756333333,Mining,14.45,2509.0,3029.9,0.2503,0.3019899999,YES,1,medium
Kerala,Wayanad,2023-07,28.67,Point (76.00003323507125685 11.60996147925331279),3024.6,mundakkai,0,859.0,1.0246,Evergreen/Semi evergreen,14.6,683.4,2930.5,0.2867,0.39339,YES,1,medium
Kerala,Wayanad,2023-08,24.74,Point (76.00003323507125685 11.60996147925331279),2862.888889,mundakkai,0,855.0,0.8628888889999998,Forest Plantation,14.55,546.0,3384.1,0.2473999999999999,0.3330866666999999,YES,1,medium
Kerala,Wayanad,2023-09,25.75,Point (76.00003323507125685 11.60996147925331279),2445.857143,mundakkai,0,853.0,0.4458571430000002,Kharif crop,14.7,807.8,2835.1,0.2575,0.2110071429,YES,0,low
Kerala,Wayanad,2023-10,25.18,Point (76.00003323507125685 11.60996147925331279),2543.384615,mundakkai,0,845.0,0.5433846149999999,Rabi crop,14.3,1374.0,2290.0,0.2518,0.2385553844999999,YES,0,low
Kerala,Wayanad,2023-11,25.3,Point (76.00003323507125685 11.60996147925331279),2733.222222,mundakkai,0,839.0,0.7332222219999999,Zaid crop,14.9,850.6,2491.7,0.253,0.2958666665999999,YES,0,low
Kerala,Wayanad,2023-12,20.8,Point (76.00003323507125685 11.60996147925331279),2703.2,mundakkai,0,830.0,0.7031999999999998,Double / Triple Crop,14.8,711.1,3063.1,0.208,0.2733599999999999,YES,0,low
Kerala,Wayanad,2024-01,20.86,Point (76.00003323507125685 11.60996147925331279),2669.25,mundakkai,0,825.0,0.66925,Current fallow,14.6,608.0,1803.2,0.2086,0.263355,YES,0,low
Kerala,Wayanad,2024-02,16.99,Point (76.00003323507125685 11.60996147925331279),2736.0,mundakkai,0,824.0,0.736,Plantation,14.5,716.2,3302.5,0.1699,0.27177,YES,0,low
Kerala,Wayanad,2024-03,15.56,Point (76.00003323507125685 11.60996147925331279),2674.428571,mundakkai,0,824.0,0.6744285709999999,Evergreen forest,6.947776,2896.6,3621.6,0.1556,0.2490085712999999,YES,0,low
Kerala,Wayanad,2024-04,18.67,Point (76.00003323507125685 11.60996147925331279),2474.8,mundakkai,0,825.0,0.4748000000000001,Deciduous forest,15.25,628.6,2958.4,0.1867,0.19845,YES,0,low
Kerala,Wayanad,2024-05,25.82,Point (76.00003323507125685 11.60996147925331279),2477.5,mundakkai,0,826.0,0.4775,Degraded / Scrub Forest,15.3,872.6,3253.1,0.2582,0.2207099999999999,YES,0,low
Kerala,Wayanad,2024-06,27.62,Point (76.00003323507125685 11.60996147925331279),2478.166667,mundakkai,0,826.0,0.4781666669999999,Littoral swamp,15.15,2334.8,2841.2,0.2762,0.2263100000999999,YES,0,low
Kerala,Wayanad,2024-07,29.71,Point (76.00003323507125685 11.60996147925331279),2069.571429,mundakkai,0,827.0,0.069571429,Grassland,15.2,1124.5,3319.1,0.2971,0.1100014287,NO,0,low
Kerala,Wayanad,2024-08,30.0,Point (76.00003323507125685 11.60996147925331279),2230.818182,mundakkai,0,827.0,0.2308181819999999,Shifting cultivation,15.4,2722.0,3029.9,0.3,0.1592454546,YES,0,low
Kerala,Wayanad,2024-09,24.22,Point (76.00003323507125685 11.60996147925331279),2381.733333,mundakkai,0,827.0,0.3817333330000001,Wasteland,15.45,2334.8,2930.5,0.2422,0.1871799999,YES,0,low
Kerala,Wayanad,2018-07,28.79,Point (76.0440 11.5405),2189.111111,vellarimala,0,858.0,0.1891111110000001,Classes,15.5,3275.1,2841.2,0.2879,0.1431033333,NO,0,low
Kerala,Wayanad,2018-08,29.79,Point (76.0385 11.5350),2150.0,vellarimala,0,853.0,0.15,Built up,15.55,3354.3,3319.1,0.2979,0.13437,NO,0,low
Kerala,Wayanad,2018-09,24.82,Point (76.0390 11.5355),2200.0,vellarimala,0,860.0,0.2,Kharif crop,15.65,2956.7,3029.9,0.2482,0.13446,NO,0,low
Kerala,Wayanad,2018-10,29.08,Point (76.0395 11.5360),2195.0,vellarimala,0,842.0,0.195,Rabi crop,15.7,2609.4,2930.5,0.2908,0.1457399999999999,NO,0,low
Kerala,Wayanad,2018-11,24.74,Point (76.0400 11.5365),2185.0,vellarimala,0,855.0,0.185,Zaid crop,15.75,2683.2,3384.1,0.2473999999999999,0.12972,NO,0,low
Kerala,Wayanad,2018-12,23.71,Point (76.0405 11.5370),2205.0,vellarimala,0,865.0,0.205,Double / Triple Crop,15.8,1214.0,2835.1,0.2371,0.13263,NO,0,low
Kerala,Wayanad,2019-01,20.26,Point (76.0410 11.5375),2175.0,vellarimala,0,848.0,0.175,Current fallow,15.85,1396.3,2290.0,0.2026,0.1132799999999999,NO,0,low
Kerala,Wayanad,2019-02,16.16,Point (76.0415 11.5380),2165.0,vellarimala,0,851.0,0.165,Plantation,15.9,1071.6,2491.7,0.1616,0.09798,NO,0,low
Kerala,Wayanad,2019-03,16.05,Point (76.0420 11.5385),2180.0,vellarimala,0,859.0,0.18,Evergreen forest,15.95,849.4,3063.1,0.1605,0.1021499999999999,NO,0,low
Kerala,Wayanad,2019-04,20.98,Point (76.0425 11.5390),2190.0,vellarimala,0,862.0,0.19,Deciduous forest,16.0,752.6,1803.2,0.2098,0.1199399999999999,NO,0,low
Kerala,Wayanad,2019-05,24.78,Point (76.0430 11.5395),2200.0,vellarimala,0,855.0,0.2,Degraded / Scrub Forest,16.05,724.9,3302.5,0.2478,0.13434,NO,0,low
Kerala,Wayanad,2019-06,27.05,Point (76.0435 11.5400),2170.0,vellarimala,0,843.0,0.17,Littoral swamp,16.1,1171.4,3621.6,0.2705,0.13215,NO,0,low
Kerala,Wayanad,2019-07,26.93,Point (76.0440 11.5405),2195.0,vellarimala,0,850.0,0.195,Grassland,16.15,333.4,2958.4,0.2693,0.1392899999999999,NO,0,low
Kerala,Wayanad,2019-08,30.29,Point (76.0445 11.5410),2205.0,vellarimala,0,857.0,0.205,Shifting cultivation,16.2,499.5,3253.1,0.3029,0.1523699999999999,YES,0,low
Kerala,Wayanad,2019-09,30.11,Point (76.0450 11.5415),2188.0,vellarimala,0,852.0,0.188,Wasteland,16.25,1238.5,2841.2,0.3011,0.14673,NO,0,low
Kerala,Wayanad,2019-10,30.07,Point (76.0455 11.5420),2178.0,vellarimala,0,861.0,0.178,Rann,16.3,943.3,3319.1,0.3007,0.14361,NO,0,low
Kerala,Wayanad,2019-11,28.21,Point (76.0460 11.5425),2192.0,vellarimala,0,844.0,0.192,Waterbodies max,16.35,179.9,3029.9,0.2821,0.14223,NO,0,low
Kerala,Wayanad,2019-12,25.16,Point (76.0465 11.5430),2181.0,vellarimala,0,856.0,0.181,Waterbodies min,16.4,365.6,2930.5,0.2516,0.1297799999999999,NO,0,low
Kerala,Wayanad,2020-01,18.07,Point (76.0470 11.5435),2203.0,vellarimala,0,854.0,0.203,Snow cover,14.55,649.7,3384.1,0.1807,0.11511,NO,0,low
Kerala,Wayanad,2020-02,15.61,Point (76.0475 11.5440),2169.0,vellarimala,0,858.0,0.169,Mining,15.35,1175.4,2835.1,0.1561,0.09753,NO,0,low
Kerala,Wayanad,2020-03,15.51,Point (76.0480 11.5445),2177.0,vellarimala,0,849.0,0.177,Evergreen/Semi evergreen,14.95,481.1,2290.0,0.1551,0.09963,NO,0,low
Kerala,Wayanad,2020-04,23.92,Point (76.0485 11.5450),2184.0,vellarimala,0,863.0,0.184,Forest Plantation,15.05,292.9,2491.7,0.2392,0.12696,NO,0,low
Kerala,Wayanad,2020-05,26.77,Point (76.0490 11.5455),2199.0,vellarimala,0,846.0,0.199,Kharif crop,14.4,2808.3,3063.1,0.2677,0.14001,NO,0,low
Kerala,Wayanad,2020-06,29.29,Point (76.0495 11.5460),2206.0,vellarimala,0,859.0,0.206,Rabi crop,15.65,796.7,1803.2,0.2929,0.1496699999999999,NO,0,low
Kerala,Wayanad,2020-07,30.72,Point (76.0500 11.5465),2180.0,vythiri,0,864.0,0.18,Zaid crop,14.1,731.4,3302.5,0.3072,0.1461599999999999,NO,0,low
Kerala,Wayanad,2020-08,29.47,Point (76.0505 11.5470),2180.0,vythiri,0,858.0,0.18,Double / Triple Crop,14.25,1082.2,3621.6,0.2946999999999999,0.1424099999999999,NO,0,low
Kerala,Wayanad,2020-09,30.32,Point (76.0755 11.5995),2175.0,vythiri,0,860.0,0.175,Current fallow,14.4,1399.9,2958.4,0.3032,0.14346,NO,0,low
Kerala,Wayanad,2020-10,24.61,Point (76.0760 11.6000),2190.0,vythiri,0,855.0,0.19,Plantation,14.5,875.7,3253.1,0.2460999999999999,0.13083,NO,0,low
Kerala,Wayanad,2020-11,24.32,Point (76.0765 11.6005),2205.0,vythiri,0,852.0,0.205,Evergreen forest,14.3,836.5,2841.2,0.2432,0.13446,NO,0,low
Kerala,Wayanad,2020-12,21.9,Point (76.0770 11.6010),2185.0,vythiri,0,865.0,0.185,Deciduous forest,14.6,506.0,3319.1,0.2189999999999999,0.1212,NO,0,low
Kerala,Wayanad,2021-01,23.17,Point (76.0775 11.6015),2170.0,vythiri,0,850.0,0.17,Degraded / Scrub Forest,14.65,855.0,3029.9,0.2317,0.12051,NO,0,low
Kerala,Wayanad,2021-02,18.31,Point (76.0780 11.6020),2192.0,vythiri,0,858.0,0.192,Littoral swamp,14.7,3124.3,2930.5,0.1830999999999999,0.1125299999999999,NO,0,low
Kerala,Wayanad,2021-03,20.04,Point (76.0785 11.6025),2188.0,vythiri,0,863.0,0.188,Grassland,14.55,708.4,3384.1,0.2004,0.1165199999999999,NO,0,low
Kerala,Wayanad,2021-04,23.48,Point (76.0790 11.6030),2203.0,vythiri,0,861.0,0.203,Shifting cultivation,14.45,925.9,2835.1,0.2348,0.13134,NO,0,low
Kerala,Wayanad,2021-05,26.31,Point (76.0795 11.6035),2169.0,vythiri,0,844.0,0.169,Wasteland,14.75,2705.6,2290.0,0.2631,0.12963,NO,0,low
Kerala,Wayanad,2021-06,26.97,Point (76.0800 11.6040),2178.0,vythiri,0,854.0,0.178,Rann,14.8,1715.3,2491.7,0.2697,0.1343099999999999,NO,0,low
Kerala,Wayanad,2021-07,28.82,Point (76.0805 11.6045),2199.0,vythiri,0,862.0,0.199,Waterbodies max,14.2,3079.9,3063.1,0.2882,0.14616,NO,0,low
Kerala,Wayanad,2021-08,28.72,Point (76.0810 11.6050),2181.0,vythiri,0,859.0,0.181,Waterbodies min,14.35,2396.1,1803.2,0.2872,0.14046,NO,0,low
Kerala,Wayanad,2021-09,27.01,Point (76.0815 11.6055),2206.0,vythiri,0,856.0,0.206,Snow cover,14.6,3114.0,3302.5,0.2701,0.14283,NO,0,low
Kerala,Wayanad,2021-10,29.34,Point (76.0820 11.6060),2193.0,vythiri,0,851.0,0.193,Mining,14.7,2810.9,3621.6,0.2934,0.14592,NO,0,low
Kerala,Wayanad,2021-12,21.85,Point (76.0825 11.6065),2177.0,vythiri,0,853.0,0.177,Evergreen/Semi evergreen,14.8,3270.9,2958.4,0.2185,0.11865,NO,0,low
Kerala,Wayanad,2022-01,17.16,Point (76.0830 11.6070),2184.0,vythiri,0,847.0,0.184,Forest Plantation,14.6,1395.7,3253.1,0.1716,0.10668,NO,0,low
Kerala,Wayanad,2022-02,15.63,Point (76.0835 11.6075),2186.0,vythiri,0,849.0,0.186,Kharif crop,14.4,1516.9,2841.2,0.1563,0.1026899999999999,NO,0,low
Kerala,Wayanad,2022-03,18.31,Point (76.0840 11.6080),2195.0,vythiri,0,845.0,0.195,Rabi crop,14.5,1387.3,3319.1,0.1830999999999999,0.1134299999999999,NO,0,low
Kerala,Wayanad,2022-04,25.34,Point (76.0845 11.6085),2165.0,vythiri,0,864.0,0.165,Zaid crop,14.7,1206.5,3029.9,0.2534,0.12552,NO,0,low
Kerala,Wayanad,2022-05,26.79,Point (76.0850 11.6090),2176.0,vythiri,0,862.0,0.176,Double / Triple Crop,14.65,936.0,2930.5,0.2678999999999999,0.1331699999999999,NO,0,low
Kerala,Wayanad,2022-06,26.19,Point (76.0855 11.6095),2201.0,vythiri,0,848.0,0.201,Current fallow,14.5,875.3,3384.1,0.2619,0.13887,NO,0,low
Kerala,Wayanad,2022-07,29.32,Point (76.0860 11.6100),2189.0,vythiri,0,856.0,0.189,Plantation,14.6,1474.6,2835.1,0.2932,0.14466,NO,0,low
Kerala,Wayanad,2022-08,29.37,Point (76.0865 11.6105),2194.0,vythiri,0,857.0,0.194,Evergreen forest,14.75,541.4,2290.0,0.2937,0.14631,NO,0,low
Kerala,Wayanad,2022-09,26.45,Point (76.0870 11.6110),2203.0,vythiri,0,860.0,0.203,Deciduous forest,14.8,566.0,2491.7,0.2645,0.14025,NO,0,low
Kerala,Wayanad,2022-10,25.91,Point (76.0875 11.6115),2210.0,vythiri,0,862.0,0.21,Degraded / Scrub Forest,14.3,1263.6,3063.1,0.2591,0.14073,NO,0,low
Kerala,Wayanad,2022-11,22.89,Point (76.0880 11.6120),2187.0,vythiri,0,857.0,0.187,Littoral swamp,14.4,1066.6,1803.2,0.2289,0.1247699999999999,NO,0,low
Kerala,Wayanad,2022-12,22.7,Point (76.0885 11.6125),2195.0,vythiri,0,859.0,0.195,Grassland,14.6,267.2,3302.5,0.2269999999999999,0.1266,NO,0,low
Kerala,Wayanad,2023-01,18.52,Point (76.0890 11.6130),2185.0,punjirimattom,0,858.0,0.185,Shifting cultivation,14.55,701.7,3621.6,0.1852,0.1110599999999999,NO,0,low
Kerala,Wayanad,2023-02,16.6,Point (76.0630 11.6190),2200.0,punjirimattom,0,861.0,0.2,Wasteland,14.65,829.3,2958.4,0.166,0.1098,NO,0,low
Kerala,Wayanad,2023-03,17.67,Point (76.0640 11.6195),2198.0,punjirimattom,0,852.0,0.198,Rann,14.7,1155.4,3253.1,0.1767,0.11241,NO,0,low
Kerala,Wayanad,2023-04,20.61,Point (76.0650 11.6200),2180.0,punjirimattom,0,855.0,0.18,Waterbodies max,14.8,770.9,2841.2,0.2061,0.1158299999999999,NO,0,low
Kerala,Wayanad,2023-05,25.13,Point (76.0660 11.6205),2215.0,punjirimattom,0,854.0,0.215,Waterbodies min,14.9,412.5,3319.1,0.2512999999999999,0.13989,NO,0,low
Kerala,Wayanad,2023-06,25.03,Point (76.0670 11.6210),2208.0,punjirimattom,0,863.0,0.208,Snow cover,14.2,2509.0,3029.9,0.2503,0.13749,NO,0,low
Kerala,Wayanad,2023-07,28.67,Point (76.0680 11.6215),2183.0,punjirimattom,0,865.0,0.183,Mining,14.3,683.4,2930.5,0.2867,0.14091,NO,0,low
Kerala,Wayanad,2023-08,24.74,Point (76.0690 11.6220),2192.0,punjirimattom,0,848.0,0.192,Evergreen/Semi evergreen,14.4,546.0,3384.1,0.2473999999999999,0.13182,NO,0,low
Kerala,Wayanad,2023-09,25.75,Point (76.0700 11.6225),2207.0,punjirimattom,0,850.0,0.207,Forest Plantation,14.25,807.8,2835.1,0.2575,0.13935,NO,0,low
Kerala,Wayanad,2023-10,25.18,Point (76.0710 11.6230),2211.0,punjirimattom,0,856.0,0.211,Kharif crop,14.1,1374.0,2290.0,0.2518,0.13884,NO,0,low
Kerala,Wayanad,2023-11,25.3,Point (76.0720 11.6235),2206.0,punjirimattom,0,853.0,0.206,Rabi crop,14.3,850.6,2491.7,0.253,0.1377,NO,0,low
Kerala,Wayanad,2023-12,20.8,Point (76.0730 11.6240),2194.0,punjirimattom,0,862.0,0.194,Zaid crop,14.4,711.1,3063.1,0.208,0.1206,NO,0,low
Kerala,Wayanad,2024-01,20.86,Point (76.0740 11.6245),2182.0,punjirimattom,0,861.0,0.182,Double / Triple Crop,14.45,608.0,1803.2,0.2086,0.1171799999999999,NO,0,low
Kerala,Wayanad,2024-02,16.99,Point (76.0750 11.6250),2204.0,punjirimattom,0,849.0,0.204,Current fallow,14.6,716.2,3302.5,0.1699,0.1121699999999999,NO,0,low
Kerala,Wayanad,2024-03,15.56,Point (76.0760 11.6255),2212.0,punjirimattom,0,864.0,0.212,Plantation,14.65,2896.6,3621.6,0.1556,0.1102799999999999,NO,0,low
Kerala,Wayanad,2024-04,18.67,Point (76.0770 11.6260),2196.0,punjirimattom,0,850.0,0.196,Evergreen forest,14.7,628.6,2958.4,0.1867,0.11481,NO,0,low
Kerala,Wayanad,2024-05,25.82,Point (76.0780 11.6265),2188.0,punjirimattom,0,851.0,0.188,Deciduous forest,14.75,872.6,3253.1,0.2582,0.1338599999999999,NO,0,low
Kerala,Wayanad,2024-06,27.62,Point (76.0790 11.6270),2190.0,punjirimattom,0,858.0,0.19,Degraded / Scrub Forest,14.8,2334.8,2841.2,0.2762,0.1398599999999999,NO,0,low
Kerala,Wayanad,2024-07,29.71,Point (76.0800 11.6275),2201.0,punjirimattom,0,847.0,0.201,Littoral swamp,14.9,1124.5,3319.1,0.2971,0.14943,NO,0,low
Kerala,Wayanad,2024-08,30.0,Point (76.0810 11.6280),2193.0,punjirimattom,0,859.0,0.193,Grassland,14.95,2722.0,3029.9,0.3,0.1479,NO,0,low
Kerala,Wayanad,2024-09,24.22,Point (76.0820 11.6285),2189.111111,punjirimattom,0,850.0,0.1891111110000001,Shifting cultivation,14.6,2334.8,2930.5,0.2422,0.1293933333,NO,0,low
Kerala,Wayanad,2018-07,28.79,Point (76.0830 11.6290),2195.0,punjirimattom,0,854.0,0.195,Wasteland,14.4,3275.1,2841.2,0.2879,0.14487,NO,0,low
Kerala,Wayanad,2018-08,29.79,Point (76.0840 11.6295),2200.0,punjirimattom,0,856.0,0.2,Zaid crop,14.2,3354.3,3319.1,0.2979,0.14937,NO,0,low
Kerala,Wayanad,2018-09,24.82,Point (76.0850 11.6300),2187.0,punjirimattom,0,858.0,0.187,Built up,14.35,2956.7,3029.9,0.2482,0.13056,NO,0,low
Kerala,Wayanad,2018-10,29.08,Point (76.0860 11.6305),2184.0,attamala,0,855.0,0.184,Kharif crop,14.5,2609.4,2930.5,0.2908,0.14244,NO,0,low
Kerala,Wayanad,2018-11,24.74,Point (76.0870 11.6310),2178.0,attamala,0,853.0,0.178,Rabi crop,14.7,2683.2,3384.1,0.2473999999999999,0.1276199999999999,NO,0,low
Kerala,Wayanad,2018-12,23.71,Point (76.0675 11.6035),2190.0,attamala,0,852.0,0.19,Zaid crop,14.8,1214.0,2835.1,0.2371,0.12813,NO,0,low
Kerala,Wayanad,2019-01,20.26,Point (76.0685 11.6040),2205.0,attamala,0,851.0,0.205,Double / Triple Crop,14.6,1396.3,2290.0,0.2026,0.12228,NO,0,low
Kerala,Wayanad,2019-02,16.16,Point (76.0695 11.6045),2181.0,attamala,0,859.0,0.181,Current fallow,14.4,1071.6,2491.7,0.1616,0.1027799999999999,NO,0,low
Kerala,Wayanad,2019-03,16.05,Point (76.0705 11.6050),2176.0,attamala,0,861.0,0.176,Plantation,14.7,849.4,3063.1,0.1605,0.1009499999999999,NO,0,low
Kerala,Wayanad,2019-04,20.98,Point (76.0715 11.6055),2193.0,attamala,0,843.0,0.193,Evergreen forest,14.8,752.6,1803.2,0.2098,0.12084,NO,0,low
Kerala,Wayanad,2019-05,24.78,Point (76.0725 11.6060),2182.0,attamala,0,862.0,0.182,Deciduous forest,14.9,724.9,3302.5,0.2478,0.12894,NO,0,low
Kerala,Wayanad,2019-06,27.05,Point (76.0735 11.6065),2169.0,attamala,0,860.0,0.169,Degraded / Scrub Forest,14.6,1171.4,3621.6,0.2705,0.13185,NO,0,low
Kerala,Wayanad,2019-07,26.93,Point (76.0745 11.6070),2177.0,attamala,0,844.0,0.177,Littoral swamp,14.75,333.4,2958.4,0.2693,0.1338899999999999,NO,0,low
Kerala,Wayanad,2019-08,30.29,Point (76.0755 11.6075),2191.0,attamala,0,845.0,0.191,Grassland,14.8,499.5,3253.1,0.3029,0.14817,NO,0,low
Kerala,Wayanad,2019-09,30.11,Point (76.0765 11.6080),2203.0,attamala,0,847.0,0.203,Shifting cultivation,14.7,1238.5,2841.2,0.3011,0.15123,YES,0,low
Kerala,Wayanad,2019-10,30.07,Point (76.0775 11.6085),2183.0,attamala,0,848.0,0.183,Wasteland,14.6,943.3,3319.1,0.3007,0.14511,NO,0,low
Kerala,Wayanad,2019-11,28.21,Point (76.0785 11.6090),2194.0,attamala,0,842.0,0.194,Rann,14.8,179.9,3029.9,0.2821,0.14283,NO,0,low
Kerala,Wayanad,2019-12,25.16,Point (76.0795 11.6095),2178.0,attamala,0,863.0,0.178,Waterbodies max,14.9,365.6,2930.5,0.2516,0.12888,NO,0,low
Kerala,Wayanad,2020-01,18.07,Point (76.0805 11.6100),2199.0,attamala,0,864.0,0.199,Waterbodies min,14.95,649.7,3384.1,0.1807,0.11391,NO,0,low
Kerala,Wayanad,2020-02,15.61,Point (76.0815 11.6105),2185.0,attamala,0,849.0,0.185,Snow cover,15.25,1175.4,2835.1,0.1561,0.10233,NO,0,low
Kerala,Wayanad,2020-03,15.51,Point (76.0825 11.6110),2201.0,attamala,0,858.0,0.201,Mining,15.3,481.1,2290.0,0.1551,0.10683,NO,0,low
Kerala,Wayanad,2020-04,23.92,Point (76.0835 11.6115),2196.0,attamala,0,862.0,0.196,Evergreen/Semi evergreen,15.15,292.9,2491.7,0.2392,0.13056,NO,0,low
Kerala,Wayanad,2020-05,26.77,Point (76.0845 11.6120),2175.0,attamala,0,859.0,0.175,Forest Plantation,15.2,2808.3,3063.1,0.2677,0.1328099999999999,NO,0,low
Kerala,Wayanad,2020-06,29.29,Point (76.0855 11.6125),2185.0,attamala,0,858.0,0.185,Kharif crop,15.4,796.7,1803.2,0.2929,0.14337,NO,0,low
Kerala,Wayanad,2020-07,30.72,Point (76.0865 11.6130),2190.0,attamala,0,853.0,0.19,Rabi crop,15.45,731.4,3302.5,0.3072,0.14916,NO,0,low
Kerala,Wayanad,2020-08,29.47,Point (76.0875 11.6135),2180.0,attamala,0,860.0,0.18,Zaid crop,15.5,1082.2,3621.6,0.2946999999999999,0.1424099999999999,NO,0,low
Kerala,Wayanad,2020-09,30.32,Point (76.0885 11.6140),2175.0,attamala,0,842.0,0.175,Double / Triple Crop,15.55,1399.9,2958.4,0.3032,0.14346,NO,0,low
Kerala,Wayanad,2020-10,24.61,Point (76.0115 11.6110),2188.0,kunhome,0,855.0,0.188,Current fallow,15.65,875.7,3253.1,0.2460999999999999,0.1302299999999999,NO,0,low
Kerala,Wayanad,2020-11,24.32,Point (76.0035 11.6045),2200.0,kunhome,0,865.0,0.2,Plantation,15.7,836.5,2841.2,0.2432,0.13296,NO,0,low
Kerala,Wayanad,2020-12,21.9,Point (76.0040 11.6050),2192.0,kunhome,0,848.0,0.192,Evergreen forest,15.75,506.0,3319.1,0.2189999999999999,0.1232999999999999,NO,0,low
Kerala,Wayanad,2021-01,23.17,Point (76.0030 11.6030),2178.0,kunhome,0,851.0,0.178,Deciduous forest,15.8,855.0,3029.9,0.2317,0.1229099999999999,NO,0,low
Kerala,Wayanad,2021-02,18.31,Point (76.0025 11.6060),2186.0,kunhome,0,859.0,0.186,Degraded / Scrub Forest,15.85,3124.3,2930.5,0.1830999999999999,0.11073,NO,0,low
Kerala,Wayanad,2021-03,20.04,Point (76.0015 11.6040),2194.0,kunhome,0,862.0,0.194,Littoral swamp,15.9,708.4,3384.1,0.2004,0.11832,NO,0,low
Kerala,Wayanad,2021-04,23.48,Point (76.0000 11.6070),2189.0,kunhome,0,855.0,0.189,Grassland,15.95,925.9,2835.1,0.2348,0.12714,NO,0,low
Kerala,Wayanad,2021-05,26.31,Point (76.0045 11.6065),2203.0,kunhome,0,843.0,0.203,Shifting cultivation,16.0,2705.6,2290.0,0.2631,0.13983,NO,0,low
Kerala,Wayanad,2021-06,26.97,Point (76.0050 11.6055),2172.0,kunhome,0,850.0,0.172,Wasteland,16.05,1715.3,2491.7,0.2697,0.13251,NO,0,low
Kerala,Wayanad,2021-07,28.82,Point (76.0060 11.6040),2183.0,kunhome,0,857.0,0.183,Rann,16.1,3079.9,3063.1,0.2882,0.1413599999999999,NO,0,low
Kerala,Wayanad,2021-08,28.72,Point (76.0070 11.6035),2191.0,kunhome,0,852.0,0.191,Waterbodies max,16.15,2396.1,1803.2,0.2872,0.14346,NO,0,low
Kerala,Wayanad,2021-09,27.01,Point (76.0130 11.6075),2205.0,kunhome,0,861.0,0.205,Waterbodies min,16.2,3114.0,3302.5,0.2701,0.14253,NO,0,low
Kerala,Wayanad,2021-10,29.34,Point (76.0120 11.6085),2169.0,kunhome,0,844.0,0.169,Snow cover,16.25,2810.9,3621.6,0.2934,0.13872,NO,0,low
Kerala,Wayanad,2021-12,21.85,Point (76.0042 11.6080),2195.0,kunhome,0,856.0,0.195,Mining,16.3,3270.9,2958.4,0.2185,0.12405,NO,0,low
Kerala,Wayanad,2022-01,17.16,Point (76.0055 11.6075),2181.0,kunhome,0,854.0,0.181,Evergreen/Semi evergreen,16.35,1395.7,3253.1,0.1716,0.1057799999999999,NO,0,low
Kerala,Wayanad,2022-02,15.63,Point (76.0048 11.6090),2201.0,kunhome,0,858.0,0.201,Forest Plantation,16.4,1516.9,2841.2,0.1563,0.10719,NO,0,low
Kerala,Wayanad,2022-03,18.31,Point (76.0065 11.6085),2177.0,kunhome,0,849.0,0.177,Kharif crop,15.171968,1387.3,3319.1,0.1830999999999999,0.1080299999999999,NO,0,low
Kerala,Wayanad,2022-04,25.34,Point (76.0075 11.6070),2182.0,kunhome,0,863.0,0.182,Rabi crop,14.601216,1206.5,3029.9,0.2534,0.13062,NO,0,low
Kerala,Wayanad,2022-05,26.79,Point (76.0080 11.6060),2194.0,kunhome,0,846.0,0.194,Zaid crop,15.902656,936.0,2930.5,0.2678999999999999,0.1385699999999999,NO,0,low
Kerala,Wayanad,2022-06,26.19,Point (76.0090 11.6050),2204.0,kunhome,0,859.0,0.204,Double / Triple Crop,14.8,875.3,3384.1,0.2619,0.13977,NO,0,low
Kerala,Wayanad,2022-07,29.32,Point (76.0078 11.6045),2173.0,kunhome,0,864.0,0.173,Current fallow,15.0,1474.6,2835.1,0.2932,0.1398599999999999,NO,0,low
Kerala,Wayanad,2022-08,29.37,Point (76.0100 11.6035),2187.0,kunhome,0,850.0,0.187,Plantation,14.65,541.4,2290.0,0.2937,0.14421,NO,0,low
Kerala,Wayanad,2022-09,26.45,Point (76.0085 11.6020),2193.0,kunhome,0,847.0,0.193,Evergreen forest,15.3,566.0,2491.7,0.2645,0.13725,NO,0,low
Kerala,Wayanad,2022-10,25.91,Point (76.0105 11.6100),2202.0,kunhome,0,855.0,0.202,Deciduous forest,14.4,1263.6,3063.1,0.2591,0.13833,NO,0,low
Kerala,Wayanad,2022-11,22.89,Point (76.0035 11.6045),2171.0,kunhome,0,852.0,0.171,Degraded / Scrub Forest,15.4,1066.6,1803.2,0.2289,0.11997,NO,0,low
Kerala,Wayanad,2022-12,22.7,Point (76.0040 11.6050),2184.0,kunhome,0,862.0,0.184,Littoral swamp,14.75,267.2,3302.5,0.2269999999999999,0.1232999999999999,NO,0,low
Kerala,Wayanad,2023-01,18.52,Point (76.0030 11.6030),2190.0,kunhome,0,859.0,0.19,Grassland,15.2,701.7,3621.6,0.1852,0.11256,NO,0,low
Kerala,Wayanad,2023-02,16.6,Point (76.0025 11.6060),2196.0,kunhome,0,843.0,0.196,Shifting cultivation,14.9,829.3,2958.4,0.166,0.1086,NO,0,low
Kerala,Wayanad,2023-03,17.67,Point (76.0015 11.6040),2180.0,kunhome,0,861.0,0.18,Wasteland,15.1,1155.4,3253.1,0.1767,0.10701,NO,0,low
Kerala,Wayanad,2023-04,20.61,Point (76.0000 11.6070),2206.0,kunhome,0,858.0,0.206,Rann,14.6,770.9,2841.2,0.2061,0.1236299999999999,NO,0,low
Kerala,Wayanad,2023-05,25.13,Point (76.0045 11.6065),2192.0,kunhome,0,844.0,0.192,Waterbodies max,15.35,412.5,3319.1,0.2512999999999999,0.13299,NO,0,low
Kerala,Wayanad,2023-06,25.03,Point (76.0050 11.6055),2179.0,kunhome,0,847.0,0.179,Waterbodies min,14.5,2509.0,3029.9,0.2503,0.12879,NO,0,low
Kerala,Wayanad,2023-07,28.67,Point (76.0060 11.6040),2185.0,kunhome,0,863.0,0.185,Snow cover,15.5,683.4,2930.5,0.2867,0.14151,NO,0,low
Kerala,Wayanad,2023-08,24.74,Point (76.0070 11.6035),2198.0,kunhome,0,856.0,0.198,Mining,14.3,546.0,3384.1,0.2473999999999999,0.13362,NO,0,low
Kerala,Wayanad,2023-09,25.75,Point (76.0038 11.6028),2200.0,kunhome,0,850.0,0.2,Evergreen/Semi evergreen,15.6,807.8,2835.1,0.2575,0.1372499999999999,NO,0,low
Kerala,Wayanad,2023-10,25.18,Point (76.0022 11.6052),2168.0,kunhome,0,852.0,0.168,Forest Plantation,14.2,1374.0,2290.0,0.2518,0.12594,NO,0,low
Kerala,Wayanad,2023-11,25.3,Point (76.0012 11.6035),2176.0,kunhome,0,858.0,0.176,Kharif crop,15.0,850.6,2491.7,0.253,0.1286999999999999,NO,0,low
Kerala,Wayanad,2023-12,20.8,Point (76.0030 11.6065),2183.0,kunhome,0,860.0,0.183,Rabi crop,14.9,711.1,3063.1,0.208,0.1173,NO,0,low
Kerala,Wayanad,2024-01,20.86,Point (76.0041 11.6072),2197.0,kunhome,0,845.0,0.197,Zaid crop,15.7,608.0,1803.2,0.2086,0.12168,NO,0,low
Kerala,Wayanad,2024-02,16.99,Point (76.0056 11.6048),2174.0,kunhome,0,853.0,0.174,Double / Triple Crop,14.8,716.2,3302.5,0.1699,0.1031699999999999,NO,0,low
Kerala,Wayanad,2024-03,15.56,Point (76.0068 11.6053),2182.0,kunhome,0,848.0,0.182,Current fallow,14.3,2896.6,3621.6,0.1556,0.10128,NO,0,low
Kerala,Wayanad,2024-04,18.67,Point (76.0075 11.6069),2191.0,kunhome,0,859.0,0.191,Plantation,15.35,628.6,2958.4,0.1867,0.11331,NO,0,low
Kerala,Wayanad,2024-05,25.82,Point (76.0081 11.6042),2204.0,kunhome,0,862.0,0.204,Evergreen forest,14.3,872.6,3253.1,0.2582,0.1386599999999999,NO,0,low
Kerala,Wayanad,2024-06,27.62,Point (76.0090 11.6020),2179.0,kunhome,0,855.0,0.179,Deciduous forest,14.6,2334.8,2841.2,0.2762,0.13656,NO,0,low
Kerala,Wayanad,2024-07,29.71,Point (76.0075 11.6080),2189.0,kunhome,0,844.0,0.189,Degraded / Scrub Forest,14.601216,1124.5,3319.1,0.2971,0.14583,NO,0,low
Kerala,Wayanad,2024-08,30.0, Point (76.0085 11.6075),2193.0,kunhome,0,858.0,0.193,Littoral swamp,16.35,2722.0,3029.9,0.3,0.1479,NO,0,low
Kerala,Wayanad,2024-09,24.22, Point (76.0095 11.6090) ,2205.0,kunhome,0,846.0,0.205,Grassland,16.0,2334.8,2930.5,0.2422,0.13416,NO,0,low
,,,,,,,0,,,,,,,,,NO,2,high
,,,,,,,0,,,,,,,,,NO,2,high
